rank,name,count,,
1,SMITH,"2,442,977",,
2,JOHNSON,"1,932,812",,
3,WILLIAMS,"1,625,252",,
4,BROWN,"1,437,026",,
5,JONES,"1,425,470",,
6,GARCIA,"1,166,120",,
7,MILLER,"1,161,437",,
8,DAVIS,"1,116,357",,
9,RODRIGUEZ,"1,094,924",,
10,MARTINEZ,"1,060,159",,
11,HERNANDEZ,"1,043,281",,
12,LOPEZ,"874,523",,
13,GONZALEZ,"841,025",,
14,WILSON,"801,882",,
15,ANDERSON,"784,404",,
16,THOMAS,"756,142",,
17,TAYLOR,"751,209",,
18,MOORE,"724,374",,
19,JACKSON,"708,099",,
20,MARTIN,"702,625",,
21,LEE,"693,023",,
22,PEREZ,"681,645",,
23,THOMPSON,"664,644",,
24,WHITE,"660,491",,
25,HARRIS,"624,252",,
26,SANCHEZ,"612,752",,
27,CLARK,"562,679",,
28,RAMIREZ,"557,423",,
29,LEWIS,"531,781",,
30,ROBINSON,"529,821",,
31,WALKER,"523,129",,
32,YOUNG,"484,447",,
33,ALLEN,"482,607",,
34,KING,"465,422",,
35,WRIGHT,"458,980",,
36,SCOTT,"439,530",,
37,TORRES,"437,813",,
38,NGUYEN,"437,645",,
39,HILL,"434,827",,
40,FLORES,"433,969",,
41,GREEN,"430,182",,
42,ADAMS,"427,865",,
43,NELSON,"424,958",,
44,BAKER,"419,586",,
45,HALL,"407,076",,
46,RIVERA,"391,114",,
47,CAMPBELL,"386,157",,
48,MITCHELL,"384,486",,
49,CARTER,"376,966",,
50,ROBERTS,"376,774",,
51,GOMEZ,"365,655",,
52,PHILLIPS,"360,802",,
53,EVANS,"355,593",,
54,TURNER,"348,627",,
55,DIAZ,"347,636",,
56,PARKER,"336,221",,
57,CRUZ,"334,201",,
58,EDWARDS,"332,423",,
59,COLLINS,"329,770",,
60,REYES,"327,904",,
61,STEWART,"324,957",,
62,MORRIS,"318,884",,
63,MORALES,"311,777",,
64,MURPHY,"308,417",,
65,COOK,"302,589",,
66,ROGERS,"302,261",,
67,GUTIERREZ,"293,218",,
68,ORTIZ,"286,899",,
69,MORGAN,"286,280",,
70,COOPER,"280,791",,
71,PETERSON,"278,297",,
72,BAILEY,"277,845",,
73,REED,"277,030",,
74,KELLY,"267,394",,
75,HOWARD,"264,826",,
76,RAMOS,"263,464",,
77,KIM,"262,352",,
78,COX,"261,231",,
79,WARD,"260,464",,
80,RICHARDSON,"259,798",,
81,WATSON,"252,579",,
82,BROOKS,"251,663",,
83,CHAVEZ,"250,898",,
84,WOOD,"250,715",,
85,JAMES,"249,379",,
86,BENNETT,"247,599",,
87,GRAY,"246,116",,
88,MENDOZA,"242,771",,
89,RUIZ,"238,234",,
90,HUGHES,"236,271",,
91,PRICE,"235,251",,
92,ALVAREZ,"233,983",,
93,CASTILLO,"230,420",,
94,SANDERS,"230,374",,
95,PATEL,"229,973",,
96,MYERS,"229,895",,
97,LONG,"229,374",,
98,ROSS,"229,368",,
99,FOSTER,"227,764",,
100,JIMENEZ,"227,118",,
101,POWELL,"224,874",,
102,JENKINS,"222,653",,
103,PERRY,"221,741",,
104,RUSSELL,"221,558",,
105,SULLIVAN,"220,990",,
106,BELL,"220,599",,
107,COLEMAN,"219,070",,
108,BUTLER,"218,847",,
109,HENDERSON,"218,393",,
110,BARNES,"218,241",,
111,GONZALES,"214,758",,
112,FISHER,"214,703",,
113,VASQUEZ,"212,781",,
114,SIMMONS,"210,182",,
115,ROMERO,"208,614",,
116,JORDAN,"208,403",,
117,PATTERSON,"205,423",,
118,ALEXANDER,"204,621",,
119,HAMILTON,"201,746",,
120,GRAHAM,"201,159",,
121,REYNOLDS,"200,247",,
122,GRIFFIN,"198,406",,
123,WALLACE,"197,276",,
124,MORENO,"196,925",,
125,WEST,"195,818",,
126,COLE,"195,289",,
127,HAYES,"194,246",,
128,BRYANT,"192,773",,
129,HERRERA,"192,711",,
130,GIBSON,"190,667",,
131,ELLIS,"188,968",,
132,TRAN,"188,498",,
133,MEDINA,"188,497",,
134,AGUILAR,"186,512",,
135,STEVENS,"185,674",,
136,MURRAY,"184,910",,
137,FORD,"184,832",,
138,CASTRO,"184,134",,
139,MARSHALL,"183,922",,
140,OWENS,"182,719",,
141,HARRISON,"181,091",,
142,FERNANDEZ,"180,842",,
143,MCDONALD,"180,497",,
144,WOODS,"177,425",,
145,WASHINGTON,"177,386",,
146,KENNEDY,"176,865",,
147,WELLS,"176,230",,
148,VARGAS,"173,835",,
149,HENRY,"170,964",,
150,CHEN,"169,580",,
151,FREEMAN,"169,149",,
152,WEBB,"168,878",,
153,TUCKER,"167,446",,
154,GUZMAN,"167,044",,
155,BURNS,"165,925",,
156,CRAWFORD,"164,457",,
157,OLSON,"164,035",,
158,SIMPSON,"163,181",,
159,PORTER,"163,054",,
160,HUNTER,"162,440",,
161,GORDON,"161,833",,
162,MENDEZ,"161,717",,
163,SILVA,"161,633",,
164,SHAW,"160,400",,
165,SNYDER,"160,262",,
166,MASON,"160,213",,
167,DIXON,"159,480",,
168,MUNOZ,"158,483",,
169,HUNT,"158,421",,
170,HICKS,"158,320",,
171,HOLMES,"156,780",,
172,PALMER,"156,601",,
173,WAGNER,"155,795",,
174,BLACK,"154,738",,
175,ROBERTSON,"153,666",,
176,BOYD,"153,469",,
177,ROSE,"153,397",,
178,STONE,"153,329",,
179,SALAZAR,"152,703",,
180,FOX,"152,334",,
181,WARREN,"152,147",,
182,MILLS,"151,942",,
183,MEYER,"150,895",,
184,RICE,"149,500",,
185,SCHMIDT,"147,034",,
186,GARZA,"147,005",,
187,DANIELS,"146,570",,
188,FERGUSON,"146,426",,
189,NICHOLS,"145,584",,
190,STEPHENS,"144,646",,
191,SOTO,"144,451",,
192,WEAVER,"143,837",,
193,RYAN,"143,452",,
194,GARDNER,"142,894",,
195,PAYNE,"142,601",,
196,GRANT,"142,277",,
197,DUNN,"141,427",,
198,KELLEY,"140,693",,
199,SPENCER,"139,951",,
200,HAWKINS,"139,751",,
201,ARNOLD,"138,893",,
202,PIERCE,"138,629",,
203,VAZQUEZ,"138,322",,
204,HANSEN,"137,977",,
205,PETERS,"137,513",,
206,SANTOS,"137,232",,
207,HART,"137,184",,
208,BRADLEY,"136,720",,
209,KNIGHT,"136,713",,
210,ELLIOTT,"135,765",,
211,CUNNINGHAM,"135,718",,
212,DUNCAN,"135,187",,
213,ARMSTRONG,"135,044",,
214,HUDSON,"134,963",,
215,CARROLL,"134,317",,
216,LANE,"134,227",,
217,RILEY,"133,872",,
218,ANDREWS,"133,799",,
219,ALVARADO,"133,501",,
220,RAY,"133,171",,
221,DELGADO,"132,985",,
222,BERRY,"132,812",,
223,PERKINS,"131,440",,
224,HOFFMAN,"131,401",,
225,JOHNSTON,"131,373",,
226,MATTHEWS,"131,303",,
227,PENA,"130,776",,
228,RICHARDS,"130,529",,
229,CONTRERAS,"130,164",,
230,WILLIS,"130,152",,
231,CARPENTER,"129,898",,
232,LAWRENCE,"129,699",,
233,SANDOVAL,"128,948",,
234,GUERRERO,"128,677",,
235,GEORGE,"128,625",,
236,CHAPMAN,"127,939",,
237,RIOS,"127,794",,
238,ESTRADA,"127,470",,
239,ORTEGA,"127,256",,
240,WATKINS,"127,083",,
241,GREENE,"126,101",,
242,NUNEZ,"125,350",,
243,WHEELER,"125,058",,
244,VALDEZ,"124,995",,
245,HARPER,"124,461",,
246,BURKE,"122,877",,
247,LARSON,"122,587",,
248,SANTIAGO,"122,212",,
249,MALDONADO,"121,526",,
250,MORRISON,"121,130",,
251,FRANKLIN,"120,621",,
252,CARLSON,"120,552",,
253,AUSTIN,"119,706",,
254,DOMINGUEZ,"119,304",,
255,CARR,"119,076",,
256,LAWSON,"119,053",,
257,JACOBS,"118,614",,
258,OBRIEN,"118,557",,
259,LYNCH,"117,708",,
260,SINGH,"116,749",,
261,VEGA,"116,673",,
262,BISHOP,"116,618",,
263,MONTGOMERY,"115,953",,
264,OLIVER,"115,900",,
265,JENSEN,"115,679",,
266,HARVEY,"115,662",,
267,WILLIAMSON,"114,959",,
268,GILBERT,"114,940",,
269,DEAN,"114,030",,
270,SIMS,"113,374",,
271,ESPINOZA,"112,154",,
272,HOWELL,"112,041",,
273,LI,"111,786",,
274,WONG,"111,371",,
275,REID,"111,360",,
276,HANSON,"111,144",,
277,LE,"110,967",,
278,MCCOY,"110,744",,
279,GARRETT,"110,697",,
280,BURTON,"110,529",,
281,FULLER,"110,116",,
282,WANG,"109,883",,
283,WEBER,"109,433",,
284,WELCH,"108,987",,
285,ROJAS,"108,421",,
286,LUCAS,"107,690",,
287,MARQUEZ,"107,533",,
288,FIELDS,"107,522",,
289,PARK,"106,696",,
290,YANG,"106,033",,
291,LITTLE,"105,936",,
292,BANKS,"105,833",,
293,PADILLA,"105,365",,
294,DAY,"105,091",,
295,WALSH,"105,079",,
296,BOWMAN,"105,007",,
297,SCHULTZ,"104,888",,
298,LUNA,"104,518",,
299,FOWLER,"104,515",,
300,MEJIA,"104,057",,
301,DAVIDSON,"103,930",,
302,ACOSTA,"103,418",,
303,BREWER,"103,318",,
304,MAY,"103,306",,
305,HOLLAND,"102,538",,
306,JUAREZ,"101,949",,
307,NEWMAN,"101,931",,
308,PEARSON,"101,836",,
309,CURTIS,"101,801",,
310,CORTEZ,"101,694",,
311,DOUGLAS,"101,458",,
312,SCHNEIDER,"101,290",,
313,JOSEPH,"100,959",,
314,BARRETT,"100,104",,
315,NAVARRO,"99,807",,
316,FIGUEROA,"98,468",,
317,KELLER,"98,268",,
318,AVILA,"97,314",,
319,WADE,"97,040",,
320,MOLINA,"96,979",,
321,STANLEY,"96,867",,
322,HOPKINS,"96,810",,
323,CAMPOS,"96,111",,
324,BARNETT,"95,681",,
325,BATES,"95,622",,
326,CHAMBERS,"94,988",,
327,CALDWELL,"93,944",,
328,BECK,"93,786",,
329,LAMBERT,"93,678",,
330,MIRANDA,"93,628",,
331,BYRD,"92,904",,
332,CRAIG,"92,507",,
333,AYALA,"92,463",,
334,LOWE,"92,260",,
335,FRAZIER,"92,152",,
336,POWERS,"91,970",,
337,NEAL,"91,694",,
338,LEONARD,"91,475",,
339,GREGORY,"91,384",,
340,CARRILLO,"91,129",,
341,SUTTON,"90,964",,
342,FLEMING,"90,677",,
343,RHODES,"90,670",,
344,SHELTON,"90,517",,
345,SCHWARTZ,"90,071",,
346,NORRIS,"89,796",,
347,JENNINGS,"89,700",,
348,WATTS,"89,649",,
349,DURAN,"89,401",,
350,WALTERS,"89,376",,
351,COHEN,"89,091",,
352,MCDANIEL,"88,728",,
353,MORAN,"88,615",,
354,PARKS,"88,586",,
355,STEELE,"88,230",,
356,VAUGHN,"88,060",,
357,BECKER,"87,859",,
358,HOLT,"87,531",,
359,DELEON,"87,414",,
360,BARKER,"87,162",,
361,TERRY,"87,000",,
362,HALE,"86,618",,
363,LEON,"86,363",,
364,HAIL,"86,240",,
365,BENSON,"86,081",,
366,HAYNES,"85,974",,
367,HORTON,"85,195",,
368,MILES,"84,942",,
369,LYONS,"84,516",,
370,PHAM,"84,320",,
371,GRAVES,"84,179",,
372,BUSH,"84,018",,
373,THORNTON,"83,967",,
374,WOLFE,"83,928",,
375,WARNER,"83,781",,
376,CABRERA,"83,621",,
377,MCKINNEY,"83,616",,
378,MANN,"83,510",,
379,ZIMMERMAN,"83,265",,
380,DAWSON,"83,182",,
381,LARA,"83,067",,
382,FLETCHER,"83,063",,
383,PAGE,"82,992",,
384,MCCARTHY,"82,950",,
385,LOVE,"82,873",,
386,ROBLES,"82,458",,
387,CERVANTES,"82,161",,
388,SOLIS,"82,146",,
389,ERICKSON,"82,085",,
390,REEVES,"81,978",,
391,CHANG,"81,939",,
392,KLEIN,"81,471",,
393,SALINAS,"81,156",,
394,FUENTES,"81,006",,
395,BALDWIN,"80,742",,
396,DANIEL,"80,526",,
397,SIMON,"80,460",,
398,VELASQUEZ,"80,364",,
399,HARDY,"80,252",,
400,HIGGINS,"79,803",,
401,AGUIRRE,"79,517",,
402,LIN,"79,508",,
403,CUMMINGS,"79,316",,
404,CHANDLER,"79,186",,
405,SHARP,"78,990",,
406,BARBER,"78,848",,
407,BOWEN,"78,822",,
408,OCHOA,"78,677",,
409,DENNIS,"78,482",,
410,ROBBINS,"78,381",,
411,LIU,"78,370",,
412,RAMSEY,"78,350",,
413,FRANCIS,"78,327",,
414,GRIFFITH,"78,260",,
415,PAUL,"78,256",,
416,BLAIR,"78,026",,
417,OCONNOR,"77,923",,
418,CARDENAS,"77,652",,
419,PACHECO,"77,642",,
420,CROSS,"77,557",,
421,CALDERON,"77,085",,
422,QUINN,"76,986",,
423,MOSS,"76,908",,
424,SWANSON,"76,897",,
425,CHAN,"76,664",,
426,RIVAS,"76,205",,
427,KHAN,"76,171",,
428,RODGERS,"76,095",,
429,SERRANO,"75,996",,
430,FITZGERALD,"75,356",,
431,ROSALES,"75,185",,
432,STEVENSON,"75,169",,
433,CHRISTENSEN,"75,143",,
434,MANNING,"74,949",,
435,GILL,"74,948",,
436,CURRY,"74,919",,
437,MCLAUGHLIN,"74,816",,
438,HARMON,"74,737",,
439,MCGEE,"74,542",,
440,GROSS,"74,503",,
441,DOYLE,"74,458",,
442,GARNER,"74,324",,
443,NEWTON,"74,092",,
444,BURGESS,"73,931",,
445,REESE,"73,919",,
446,WALTON,"73,854",,
447,BLAKE,"73,797",,
448,TRUJILLO,"73,664",,
449,ADKINS,"73,599",,
450,BRADY,"73,145",,
451,GOODMAN,"73,136",,
452,ROMAN,"72,918",,
453,WEBSTER,"72,625",,
454,GOODWIN,"72,451",,
455,FISCHER,"72,357",,
456,HUANG,"72,328",,
457,POTTER,"72,175",,
458,DELACRUZ,"72,109",,
459,MONTOYA,"71,844",,
460,TODD,"71,759",,
461,WU,"71,721",,
462,HINES,"71,717",,
463,MULLINS,"71,646",,
464,CASTANEDA,"71,368",,
465,MALONE,"71,286",,
466,CANNON,"71,085",,
467,TATE,"71,058",,
468,MACK,"71,056",,
469,SHERMAN,"70,502",,
470,HUBBARD,"70,362",,
471,HODGES,"70,223",,
472,ZHANG,"70,125",,
473,GUERRA,"70,071",,
474,WOLF,"70,031",,
475,VALENCIA,"70,000",,
476,SAUNDERS,"69,943",,
476,FRANCO,"69,943",,
478,ROWE,"69,879",,
479,GALLAGHER,"69,834",,
480,FARMER,"69,617",,
481,HAMMOND,"69,515",,
482,HAMPTON,"69,472",,
483,TOWNSEND,"69,360",,
484,INGRAM,"69,345",,
485,WISE,"68,649",,
486,GALLEGOS,"68,373",,
487,CLARKE,"68,281",,
488,BARTON,"68,233",,
489,SCHROEDER,"67,977",,
490,MAXWELL,"67,961",,
491,WATERS,"67,929",,
492,LOGAN,"67,909",,
493,CAMACHO,"67,893",,
494,STRICKLAND,"67,769",,
495,NORMAN,"67,704",,
496,PERSON,"67,411",,
497,COLON,"67,338",,
498,PARSONS,"67,310",,
499,FRANK,"67,304",,
500,HARRINGTON,"66,959",,
501,GLOVER,"66,858",,
502,OSBORNE,"66,827",,
503,BUCHANAN,"66,648",,
504,CASEY,"66,556",,
505,FLOYD,"66,454",,
506,PATTON,"66,293",,
507,IBARRA,"66,063",,
508,BALL,"66,059",,
509,TYLER,"66,056",,
510,SUAREZ,"66,013",,
511,BOWERS,"66,003",,
512,OROZCO,"65,904",,
513,SALAS,"65,468",,
514,COBB,"65,125",,
515,GIBBS,"65,064",,
516,ANDRADE,"65,037",,
517,BAUER,"65,004",,
518,CONNER,"64,572",,
519,MOODY,"64,429",,
520,ESCOBAR,"64,403",,
521,MCGUIRE,"64,327",,
522,LLOYD,"64,202",,
523,MUELLER,"64,191",,
524,HARTMAN,"64,106",,
525,FRENCH,"63,991",,
526,KRAMER,"63,936",,
527,MCBRIDE,"63,899",,
528,POPE,"63,881",,
529,LINDSEY,"63,760",,
530,VELAZQUEZ,"63,736",,
531,NORTON,"63,722",,
532,MCCORMICK,"63,649",,
533,SPARKS,"63,440",,
534,FLYNN,"63,400",,
535,YATES,"63,254",,
536,HOGAN,"63,085",,
537,MARSH,"62,304",,
538,MACIAS,"62,227",,
539,VILLANUEVA,"61,883",,
540,ZAMORA,"61,729",,
541,PRATT,"61,671",,
542,STOKES,"61,639",,
543,OWEN,"61,630",,
544,BALLARD,"61,625",,
545,LANG,"61,529",,
546,BROCK,"61,369",,
547,VILLARREAL,"61,355",,
548,CHARLES,"61,211",,
549,DRAKE,"61,162",,
550,BARRERA,"60,998",,
551,CAIN,"60,948",,
552,PATRICK,"60,845",,
553,PINEDA,"60,820",,
554,BURNETT,"60,791",,
555,MERCADO,"60,761",,
556,SANTANA,"60,667",,
557,SHEPHERD,"60,479",,
558,BAUTISTA,"60,264",,
559,ALI,"60,002",,
560,SHAFFER,"59,943",,
561,LAMB,"59,913",,
562,TREVINO,"59,882",,
563,MCKENZIE,"59,595",,
564,HESS,"59,486",,
565,BEIL,"59,463",,
566,OLSEN,"59,356",,
567,COCHRAN,"59,350",,
568,MORTON,"59,213",,
569,NASH,"58,714",,
570,WILKINS,"58,634",,
571,PETERSEN,"58,480",,
572,BRIGGS,"58,408",,
573,SHAH,"58,287",,
574,ROTH,"58,278",,
575,NICHOLSON,"58,151",,
576,HOLLOWAY,"58,040",,
577,LOZANO,"57,779",,
578,RANGEL,"57,549",,
578,FLOWERS,"57,549",,
580,HOOVER,"57,497",,
581,SHORT,"57,477",,
581,ARIAS,"57,477",,
583,MORA,"57,464",,
584,VALENZUELA,"57,383",,
585,BRYAN,"57,143",,
586,MEYERS,"57,127",,
587,WEISS,"57,112",,
588,UNDERWOOD,"57,064",,
589,BASS,"57,044",,
590,GREER,"57,043",,
591,SUMMERS,"56,953",,
592,HOUSTON,"56,900",,
593,CARSON,"56,872",,
594,MORROW,"56,840",,
595,CLAYTON,"56,638",,
596,WHITAKER,"56,616",,
597,DECKER,"56,576",,
598,YODER,"56,410",,
599,COLLIER,"56,380",,
600,ZUNIGA,"56,347",,
601,CAREY,"56,322",,
602,WILCOX,"56,286",,
603,MELENDEZ,"56,230",,
604,POOLE,"56,226",,
605,ROBERSON,"56,180",,
606,LARSEN,"55,960",,
607,CONLEY,"55,917",,
608,DAVENPORT,"55,895",,
609,COPELAND,"55,850",,
610,MASSEY,"55,595",,
611,LAM,"55,554",,
612,HUFF,"55,484",,
613,ROCHA,"55,251",,
614,CAMERON,"55,240",,
615,JEFFERSON,"55,179",,
616,HOOD,"55,174",,
617,MONROE,"55,136",,
618,ANTHONY,"55,114",,
619,PITTMAN,"55,021",,
620,HUYNH,"54,996",,
621,RANDALL,"54,764",,
622,SINGLETON,"54,621",,
623,KIRK,"54,394",,
624,COMBS,"54,257",,
625,MATHIS,"54,217",,
626,CHRISTIAN,"54,198",,
627,SKINNER,"54,046",,
628,BRADFORD,"54,015",,
629,RICHARD,"53,893",,
630,GALVAN,"53,822",,
631,WALL,"53,794",,
632,BOONE,"53,792",,
633,KIRBY,"53,767",,
634,WILKINSON,"53,739",,
635,BRIDGES,"53,682",,
636,BRUCE,"53,419",,
637,ATKINSON,"53,376",,
638,VELEZ,"53,265",,
639,MEZA,"53,230",,
640,ROY,"53,159",,
641,VINCENT,"53,095",,
642,YORK,"53,059",,
643,HODGE,"52,920",,
644,VILLA,"52,817",,
645,ABBOTT,"52,739",,
646,ALLISON,"52,701",,
647,TAPIA,"52,651",,
648,GATES,"52,569",,
649,CHASE,"52,481",,
650,SOSA,"52,457",,
651,SWEENEY,"52,410",,
652,FARRELL,"52,321",,
653,WYATT,"52,211",,
654,DALTON,"52,184",,
655,HORN,"52,138",,
656,BARRON,"52,070",,
657,PHELPS,"52,044",,
658,YU,"52,035",,
659,DICKERSON,"51,889",,
660,HEATH,"51,877",,
661,FOLEY,"51,865",,
662,ATKINS,"51,671",,
663,MATHEWS,"51,592",,
664,BONILLA,"51,475",,
665,ACEVEDO,"51,351",,
666,BENITEZ,"51,288",,
667,ZAVALA,"51,153",,
668,HENSLEY,"51,081",,
669,GLENN,"51,043",,
670,CISNEROS,"50,920",,
671,HARRELL,"50,837",,
672,SHIELDS,"50,832",,
673,RUBIO,"50,788",,
674,HUFFMAN,"50,786",,
674,CHOI,"50,786",,
676,BOYER,"50,742",,
677,GARRISON,"50,686",,
678,ARROYO,"50,614",,
679,BOND,"50,610",,
680,KANE,"50,584",,
681,HANCOCK,"50,558",,
682,CALLAHAN,"50,524",,
683,DILLON,"50,465",,
684,CLINE,"50,258",,
685,WIGGINS,"50,247",,
686,GRIMES,"50,245",,
687,ARELLANO,"50,104",,
688,MELTON,"50,069",,
689,ONEILL,"50,028",,
690,SAVAGE,"49,914",,
691,HO,"49,817",,
692,BELTRAN,"49,776",,
693,PITTS,"49,740",,
694,PARRISH,"49,733",,
695,PONCE,"49,549",,
696,RICH,"49,481",,
697,BOOTH,"49,402",,
698,KOCH,"49,395",,
699,GOLDEN,"49,360",,
700,WARE,"49,316",,
701,BRENNAN,"49,238",,
702,MCDOWELL,"49,217",,
703,MARKS,"49,177",,
704,CANTU,"49,126",,
705,HUMPHREY,"49,056",,
706,BAXTER,"49,033",,
707,SAWYER,"49,028",,
708,CLAY,"48,844",,
709,TANNER,"48,813",,
710,HUTCHINSON,"48,781",,
711,KAUR,"48,753",,
712,BERG,"48,746",,
713,WILEY,"48,720",,
714,GILMORE,"48,719",,
715,RUSSO,"48,696",,
716,VILLEGAS,"48,599",,
717,HOBBS,"48,522",,
718,KEITH,"48,487",,
719,WILKERSON,"48,444",,
720,AHMED,"48,319",,
721,BEARD,"48,207",,
722,MCCLAIN,"48,165",,
723,MONTES,"48,142",,
724,MATA,"48,120",,
725,ROSARIO,"48,051",,
726,VANG,"48,036",,
727,WALTER,"48,024",,
728,HENSON,"48,013",,
729,ONEAL,"47,979",,
730,MOSLEY,"47,963",,
731,MCCLURE,"47,742",,
732,BEASLEY,"47,693",,
733,STEPHENSON,"47,641",,
734,SNOW,"47,528",,
735,HUERTA,"47,455",,
736,PRESTON,"47,367",,
737,VANCE,"47,324",,
738,BARRY,"47,274",,
739,JOHNS,"47,246",,
740,EATON,"47,184",,
741,BLACKWELL,"47,175",,
742,DYER,"47,170",,
743,PRINCE,"47,168",,
744,MACDONALD,"46,717",,
745,SOLOMON,"46,534",,
746,GUEVARA,"46,454",,
747,STAFFORD,"46,394",,
748,ENGLISH,"46,393",,
749,HURST,"46,244",,
750,WOODARD,"46,240",,
751,CORTES,"46,229",,
752,SHANNON,"46,147",,
753,KEMP,"46,146",,
754,NOLAN,"46,054",,
755,MCCULLOUGH,"45,852",,
756,MERRITT,"45,594",,
757,MURILLO,"45,558",,
758,MOON,"45,528",,
759,SALGADO,"45,469",,
760,STRONG,"45,432",,
761,KLINE,"45,390",,
762,CORDOVA,"45,305",,
763,BARAJAS,"45,153",,
764,ROACH,"45,019",,
765,ROSAS,"44,938",,
766,WINTERS,"44,914",,
767,JACOBSON,"44,808",,
768,LESTER,"44,784",,
769,KNOX,"44,742",,
770,BULLOCK,"44,740",,
771,KERR,"44,711",,
772,LEACH,"44,581",,
773,MEADOWS,"44,500",,
774,ORR,"44,388",,
774,DAVILA,"44,388",,
776,WHITEHEAD,"44,373",,
777,PRUITT,"44,365",,
778,KENT,"44,325",,
779,CONWAY,"44,320",,
780,MCKEE,"44,137",,
781,BARR,"44,130",,
782,DAVID,"44,040",,
783,DEJESUS,"44,038",,
784,MARIN,"43,904",,
785,BERGER,"43,851",,
786,MCINTYRE,"43,842",,
787,BLANKENSHIP,"43,830",,
788,GAINES,"43,821",,
789,PALACIOS,"43,798",,
790,CUEVAS,"43,701",,
791,BARTLETT,"43,648",,
792,DURHAM,"43,635",,
793,DORSEY,"43,631",,
794,MCCALL,"43,483",,
795,ODONNELL,"43,460",,
796,STEIN,"43,389",,
797,BROWNING,"43,329",,
798,STOUT,"43,305",,
799,LOWERY,"43,278",,
800,SLOAN,"43,261",,
801,MCLEAN,"43,260",,
802,HENDRICKS,"43,197",,
803,CALHOUN,"43,180",,
804,SEXTON,"43,133",,
805,CHUNG,"43,110",,
806,GENTRY,"43,027",,
807,HULL,"43,018",,
808,DUARTE,"42,983",,
809,ELLISON,"42,827",,
810,NIELSEN,"42,773",,
811,GILLESPIE,"42,693",,
812,BUCK,"42,639",,
813,MIDDLETON,"42,578",,
814,SELLERS,"42,577",,
815,LEBLANC,"42,575",,
816,ESPARZA,"42,559",,
817,HARDIN,"42,469",,
818,BRADSHAW,"42,465",,
819,MCINTOSH,"42,379",,
820,HOWE,"42,265",,
821,LIVINGSTON,"42,103",,
822,FROST,"42,015",,
823,GLASS,"41,802",,
824,MORSE,"41,774",,
825,KNAPP,"41,771",,
826,HERMAN,"41,750",,
827,STARK,"41,735",,
828,BRAVO,"41,700",,
829,NOBLE,"41,667",,
830,SPEARS,"41,665",,
831,WEEKS,"41,565",,
832,CORONA,"41,553",,
833,FREDERICK,"41,394",,
834,BUCKLEY,"41,348",,
835,MCFARLAND,"41,300",,
836,HEBERT,"41,275",,
837,ENRIQUEZ,"41,271",,
838,HICKMAN,"41,163",,
839,QUINTERO,"41,158",,
840,RANDOLPH,"41,129",,
841,SCHAEFER,"41,063",,
842,WALLS,"41,025",,
843,TREJO,"41,021",,
844,HOUSE,"41,000",,
845,REILLY,"40,884",,
846,PENNINGTON,"40,854",,
847,MICHAEL,"40,736",,
848,CONRAD,"40,707",,
849,GILES,"40,598",,
850,BENJAMIN,"40,590",,
851,CROSBY,"40,563",,
852,FITZPATRICK,"40,449",,
853,DONOVAN,"40,410",,
854,MAYS,"40,408",,
855,MAHONEY,"40,397",,
856,VALENTINE,"40,395",,
857,RAYMOND,"40,275",,
858,MEDRANO,"40,261",,
859,HAHN,"40,250",,
860,MCMILLAN,"40,237",,
861,SMALL,"40,212",,
862,BENTLEY,"40,193",,
863,FELIX,"40,165",,
864,PECK,"40,055",,
865,LUCERO,"39,986",,
866,BOYLE,"39,921",,
867,HANNA,"39,890",,
868,PACE,"39,879",,
869,RUSH,"39,802",,
870,HURLEY,"39,796",,
871,HARDING,"39,787",,
872,MCCONNELL,"39,754",,
873,BERNAL,"39,693",,
874,NAVA,"39,670",,
875,AYERS,"39,623",,
876,EVERETT,"39,593",,
877,VENTURA,"39,580",,
878,AVERY,"39,564",,
879,PUGH,"39,559",,
880,MAYER,"39,555",,
881,BENDER,"39,551",,
882,SHEPARD,"39,430",,
883,MCMAHON,"39,411",,
884,LANDRY,"39,391",,
885,CASE,"39,319",,
886,SAMPSON,"39,277",,
887,MOSES,"39,216",,
888,MAGANA,"39,105",,
889,BLACKBURN,"39,097",,
890,DUNLAP,"39,063",,
891,GOULD,"38,924",,
892,DUFFY,"38,835",,
893,VAUGHAN,"38,830",,
894,HERRING,"38,733",,
895,MCKAY,"38,681",,
896,ESPINOSA,"38,667",,
897,RIVERS,"38,662",,
898,FARLEY,"38,528",,
899,BERNARD,"38,512",,
900,ASHLEY,"38,499",,
901,FRIEDMAN,"38,374",,
902,POTTS,"38,277",,
903,TRUONG,"38,267",,
904,COSTA,"38,265",,
905,CORREA,"38,232",,
906,BLEVINS,"38,229",,
907,NIXON,"38,147",,
908,CLEMENTS,"38,044",,
909,FRY,"38,029",,
910,DELAROSA,"37,932",,
911,BEST,"37,923",,
912,BENTON,"37,912",,
913,LUGO,"37,903",,
914,PORTILLO,"37,890",,
915,DOUGHERTY,"37,884",,
916,CRANE,"37,870",,
917,HALEY,"37,858",,
918,PHAN,"37,836",,
919,VILLALOBOS,"37,754",,
920,BLANCHARD,"37,695",,
921,HORNE,"37,689",,
922,FINLEY,"37,672",,
923,QUINTANA,"37,657",,
924,LYNN,"37,644",,
925,ESQUIVEL,"37,578",,
926,BEAN,"37,571",,
927,DODSON,"37,566",,
928,MULLEN,"37,502",,
929,XIONG,"37,499",,
930,HAYDEN,"37,451",,
931,CANO,"37,368",,
932,LEVY,"37,228",,
933,HUBER,"37,170",,
934,RICHMOND,"37,053",,
935,MOYER,"37,050",,
936,LIM,"37,021",,
937,FRYE,"36,973",,
938,SHEPPARD,"36,960",,
939,MCCARTY,"36,944",,
940,AVALOS,"36,922",,
941,BOOKER,"36,840",,
942,WALLER,"36,805",,
943,PARRA,"36,765",,
944,WOODWARD,"36,764",,
945,JARAMILLO,"36,755",,
946,KRUEGER,"36,743",,
947,RASMUSSEN,"36,636",,
948,BRANDT,"36,613",,
949,PERALTA,"36,585",,
950,DONALDSON,"36,558",,
951,STUART,"36,540",,
952,FAULKNER,"36,466",,
953,MAYNARD,"36,460",,
954,GALINDO,"36,429",,
955,COFFEY,"36,423",,
956,ESTES,"36,318",,
957,SANFORD,"36,312",,
958,BURCH,"36,269",,
959,MADDOX,"36,250",,
960,VO,"36,236",,
961,OCONNELL,"36,194",,
962,VU,"36,179",,
963,ANDERSEN,"36,150",,
964,SPENCE,"36,129",,
965,MCPHERSON,"36,125",,
966,CHURCH,"36,072",,
967,SCHMITT,"36,043",,
968,STANTON,"35,997",,
969,LEAL,"35,958",,
970,CHERRY,"35,877",,
971,COMPTON,"35,830",,
972,DUDLEY,"35,781",,
973,SIERRA,"35,770",,
974,POLLARD,"35,749",,
975,ALFARO,"35,725",,
976,HESTER,"35,642",,
977,PROCTOR,"35,636",,
978,LU,"35,628",,
979,HINTON,"35,606",,
980,NOVAK,"35,461",,
981,GOOD,"35,446",,
982,MADDEN,"35,438",,
983,MCCANN,"35,408",,
983,TERRELL,"35,408",,
985,JARVIS,"35,350",,
986,DICKSON,"35,312",,
987,REYNA,"35,291",,
988,CANTRELL,"35,266",,
989,MAYO,"35,228",,
990,BRANCH,"35,225",,
991,HENDRIX,"35,194",,
992,ROLLINS,"35,132",,
993,ROWLAND,"35,121",,
994,WHITNEY,"35,118",,
995,DUKE,"35,053",,
996,ODOM,"35,020",,
997,DAUGHERTY,"34,987",,
998,TRAVIS,"34,985",,
999,TANG,"34,961",,
1000,ARCHER,"34,949",,
